RD5,round shaped rice,BKN6517-9-2-2,North/North-East/Central/South,lowland,เป็นข้าวเจ้า สูงประมาณ 145 เซนติเมตร,เมล็ดข้าวกล้อง : กว้าง x ยาว x หนา =2.6 x 7.5 x 1.8 มิลลิเมตร,ปลูกได้ทุกภาคที่มีการชลประทานหรือควบคุมระดับน้ำได้,http://kkn-rsc.ricethailand.go.th/rice/pedigree/01-pic/RD5.gif,http://kkn-rsc.ricethailand.go.th/rice/pedigree/01/RD5.html,
RD6,sticky rice,KDML10565-G2U-68-254,North/North-East,highland,เป็นข้าวเหนียว สูงประมาณ 154 เซนติเมตร,เมล็ดข้าวกล้อง กว้าง x ยาว x หนา = 2.2 x 7.2 x 1.7 มิลลิเมตร,ปลูกได้ใน ภาคเหนือ และภาคตะวันออกเฉียงเหนือ,http://kkn-rsc.ricethailand.go.th/rice/pedigree/01-pic/RD6.gif,http://kkn-rsc.ricethailand.go.th/rice/pedigree/01/RD6.html,
RD8,sticky rice,KKN6721-5-7-4,North-East,lowland,เป็นข้าวเหนียว สูงประมาณ 150 เซนติเมตร,เมล็ดข้าวกล้อง กว้าง x ยาว x หนา = 2.5 x 7.1 x 1.9 มิลลิเมตร,ปลูกได้ใน ภาคตะวันออกเฉียงเหนือ,http://kkn-rsc.ricethailand.go.th/rice/pedigree/01-pic/RD8.gif,http://kkn-rsc.ricethailand.go.th/rice/pedigree/01/RD8.html,
RD12,sticky rice,BN92110-NKI-B-B-B-30-KKN-1,North-East,highland,เป็นข้าวเหนียว สูงประมาณ 108-138 เซนติเมตร,เมล็ดข้าวกล้อง กว้าง x ยาว x หนา = 2.16 x 7.17 x 1.75 มิลลิเมตร,ปลูกได้ใน ภาคตะวันออกเฉียงเหนือ,http://kkn-rsc.ricethailand.go.th/rice/pedigree/01-pic/RD12-03.jpg,http://kkn-rsc.ricethailand.go.th/rice/pedigree/01/RD12.html,
RD13,round shaped rice,BKN6402-352,South,lowland,เป็นข้าวเจ้า สูงประมาณ 160 เซนติเมตร,เมล็ดข้าวกล้อง กว้าง x ยาว x หนา = 2.2 x 6.9 x 1.7 มิลลิเมตร,ปลูกได้ใน ภาคใต้,http://kkn-rsc.ricethailand.go.th/rice/pedigree/01-pic/RD13.jpg,http://kkn-rsc.ricethailand.go.th/rice/pedigree/01/RD13.html,
RD15,round shaped rice,KDML10565G1U-45,North-East,highland,เป็นข้าวเจ้า สูงประมาณ 140 เซนติเมตร,เมล็ดข้าวกล้อง กว้าง x ยาว x หนา = 2.1 x 7.5 x 1.7 มิลลิเมตร,ปลูกได้ใน ภาคตะวันออกเฉียงเหนือ,http://kkn-rsc.ricethailand.go.th/rice/pedigree/01-pic/RD15.gif,http://kkn-rsc.ricethailand.go.th/rice/pedigree/01/RD15.html,
RD16,sticky rice,KKN97057-7-1-1-CMI-46,North,highland,เป็นข้าวเหนียว สูงประมาณ 133-150 เซนติเมตร,เมล็ดข้าวกล้อง กว้าง x ยาว x หนา = 2.9 x 7.5 x 2 มิลลิเมตร,ปลูกได้ใน ภาคตะวันออกเฉียงเหนือ,http://kkn-rsc.ricethailand.go.th/rice/pedigree/01-pic/rd16.jpg,http://kkn-rsc.ricethailand.go.th/rice/pedigree/01/RD16.html,
RD27,round shaped rice,BKN6113-79,Central,lowland,เป็นข้าวเจ้า สูงประมาณ 140 เซนติเมตร,เมล็ดข้าวกล้อง กว้าง x ยาว x หนา = 2.3 x 7.5 x 1.8 มิลลิเมตร,ปลูกได้ใน ภาคกลาง,http://kkn-rsc.ricethailand.go.th/rice/pedigree/01-pic/RD27-02.jpg,http://kkn-rsc.ricethailand.go.th/rice/pedigree/01/RD27.html,
RD35,round shaped rice,RSTLR79009-43-1-1-5,Central,lowland,เป็นข้าวเจ้า สูงประมาณ 140 เซนติเมตร,เมล็ดข้าวกล้อง กว้าง x ยาว x หนา = 2.1 x 7.4 x 1.7 มิลลิเมตร,ปลูกได้ใน ภาคกลาง,http://kkn-rsc.ricethailand.go.th/rice/pedigree/01-pic/RD35-02.jpg,http://kkn-rsc.ricethailand.go.th/rice/pedigree/01/RD35.html,
GamPai15,sticky rice,GamPai30-12-15,North, lowland,เป็นข้าวเหนียว สูงประมาณ 168 เซนติเมตร,เมล็ดข้าวกล้อง กว้าง x ยาว x หนา = 2.8 x 7.2 x 2.0 มิลลิเมตร,ปลูกได้ใน ภาคเหนือ,http://kkn-rsc.ricethailand.go.th/rice/pedigree/01-pic/Gam_Pai_15.gif,http://kkn-rsc.ricethailand.go.th/rice/pedigree/01/Gam_Pai_15.html,
GowRuang88,round shaped rice,GowRuang17-2-88,Central, lowland,เป็นข้าวเจ้า สูงประมาณ 140 เซนติเมตร,เมล็ดข้าวกล้อง กว้าง x ยาว x หนา = 2.2 x 7.3 x 1.7 มิลลิเมตร,ปลูกได้ใน ภาคกลาง,http://kkn-rsc.ricethailand.go.th/rice/pedigree/01-pic/Gow_Ruang_88.gif,http://kkn-rsc.ricethailand.go.th/rice/pedigree/01/Gow_Ruang_88.html,
KhaoDawkMali105,round shaped rice,KhaoDawkMali4-2-105,North/North-East,highland,เป็นข้าวเจ้า สูงประมาณ 140 เซนติเมตร,เมล็ดข้าวกล้อง กว้าง x ยาว x หนา = 2.1 x 7.5 x 1..8 มิลลิเมตร,ปลูกได้ใน ภาคเหนือและภาคตะวันออกเฉียงเหนือ,http://kkn-rsc.ricethailand.go.th/rice/pedigree/01-pic/Khao_Kawk_Mali_105.gif,http://kkn-rsc.ricethailand.go.th/rice/pedigree/01/Khao_Dawk_Mali_105.html,
KhaoTahHaeng17,round shaped rice,KhaoTahHaeng17,Central/North,lowland,เป็นข้าวเจ้า สูงประมาณ 150 เซนติเมตร,เมล็ดข้าวกล้อง กว้าง x ยาว x หนา = 2.3 x 7.5 x 1.8 มิลลิเมตร,ปลูกได้ใน ภาคใต้และภาคกลาง,http://kkn-rsc.ricethailand.go.th/rice/pedigree/01-pic/Khao_Tah_Haeng_17.gif,http://kkn-rsc.ricethailand.go.th/rice/pedigree/01/Khao_Tah_Haeng_17.html,
KhaoPahkMaw148,round shaped rice,KhaoPahkMaw55-3-148,Central/North-East,lowland,เป็นข้าวเจ้า สูงประมาณ 140 เซนติเมตร,เมล็ดข้าวกล้อง กว้าง x ยาว x หนา = 2.3 x 7.6 x 1.9 มิลลิเมตร,ปลูกได้ใน ภาคภาคเหนือและภาคตะวันออกเฉียงเหนือและภาคกลาง,http://kkn-rsc.ricethailand.go.th/rice/pedigree/01-pic/Khao_Pahk_Maw_148.gif,http://kkn-rsc.ricethailand.go.th/rice/pedigree/01/Khao_Pahk_Maw_148.html,
KhaoJowHawmPhitsanulok1, round shaped rice,SPRLR83228-PSL-32-1,Central/North,lowland,เป็นข้าวเจ้า สูงประมาณ 160 เซนติเมตร,เมล็ดข้าวกล้อง กว้าง x ยาว x หนา = 2.1 x 7.4 x 1.7 มิลลิเมตร,ปลูกได้ใน ภาคใต้และภาคกลาง,http://kkn-rsc.ricethailand.go.th/rice/pedigree/01-pic/Khao_Jow_Hawm_Phitsanulok_1.gif,http://kkn-rsc.ricethailand.go.th/rice/pedigree/01/Khao_Jow_Hawm_Phitsanulok_1.html,
ChiangPhatthalung,round shaped rice,ChiangPhatthalung,South,lowland,เป็นข้าวเจ้า สูงประมาณ 150 เซนติเมตร,เมล็ดข้าวกล้อง กว้าง x ยาว x หนา = 2.1 x 6.7 x 1.6 มิลลิเมตร,ปลูกได้ใน ภาคใต้,http://kkn-rsc.ricethailand.go.th/rice/pedigree/01-pic/Chiang%20Phatthalung_02.JPG,http://kkn-rsc.ricethailand.go.th/rice/pedigree/01/Chiang_Phatthalung.html,
ChumPhae60,round shaped rice,SPT6118-34,North-East,lowland,เป็นข้าวเจ้า สูงประมาณ 160-180 เซนติเมตร,เมล็ดข้าวกล้อง กว้าง x ยาว x หนา = 2.3 x 7.6 x 1.8 มิลลิเมตร,ปลูกได้ใน ภาคตะวันออกเฉียงเหนือ,http://kkn-rsc.ricethailand.go.th/rice/pedigree/01-pic/Chum_Phae_60-02.jpg,http://kkn-rsc.ricethailand.go.th/rice/pedigree/01/ChumPhae_60.html,
NahngPa-yah132,round shaped rice,NahngPa-yah37-30-132,South,lowland,เป็นข้าวเจ้า สูงประมาณ 175 เซนติเมตร,เมล็ดข้าวกล้อง กว้าง x ยาว x หนา = 2.2 x 7.6 x 1.7 มิลลิเมตร,ปลูกได้ใน ภาคใต้,http://kkn-rsc.ricethailand.go.th/rice/pedigree/01-pic/Nahng_Pa-yah_132.gif,http://kkn-rsc.ricethailand.go.th/rice/pedigree/01/Nahng_Pa-yah_132.html,
NahngMonS-4, round shaped rice,NahngMonS-4,Central,lowland,เป็นข้าวเจ้า สูงประมาณ 140 เซนติเมตร,เมล็ดข้าวกล้อง กว้าง x ยาว x หนา = 2.4 x 7.7 x 1.8 มิลลิเมตร,ปลูกได้ใน ภาคกลาง,http://kkn-rsc.ricethailand.go.th/rice/pedigree/01-pic/Nahng_Mon_S-4.gif,http://kkn-rsc.ricethailand.go.th/rice/pedigree/01/Nahng_Mon_S-4.html,
NamSa-gui19, round shaped rice,NamSa-gui445-4-19,North-East,highland,เป็นข้าวเจ้า สูงประมาณ 143 เซนติเมตร,เมล็ดข้าวกล้อง กว้าง x ยาว x หนา = 2.2 x 7.7 x 1.8 มิลลิเมตร,ปลูกได้ใน ภาคตะวันออกเฉียงเหนือ,http://kkn-rsc.ricethailand.go.th/rice/pedigree/01-pic/Nam_sagui_19.gif,http://kkn-rsc.ricethailand.go.th/rice/pedigree/01/Nam_Sa-gui_19.html,
PeuakNam43,round shaped rice,PeuakNam184-5-43,South,lowland,เป็นข้าวเจ้า สูงประมาณ 166 เซนติเมตร,เมล็ดข้าวกล้อง กว้าง x ยาว x หนา = 2.1 x 7.1 x 1.7 มิลลิเมตร,ปลูกได้ใน ภาคใต้,http://kkn-rsc.ricethailand.go.th/rice/pedigree/01-pic/Peuak_Nam_43.gif,http://kkn-rsc.ricethailand.go.th/rice/pedigree/01/Peuak_Nam_43.html,
PathumThani60,round shaped rice,SPT5837-400,Central/East/West,lowland,เป็นข้าวเจ้า สูงประมาณ 159 เซนติเมตร,เมล็ดข้าวกล้อง กว้าง x ยาว x หนา = 2.3 x 7.5 x 1.8 มิลลิเมตร,ปลูกได้ใน ภาคใต้และภาคกลาง,http://kkn-rsc.ricethailand.go.th/rice/pedigree/01-pic/Pathum_Thani_60.gif,http://kkn-rsc.ricethailand.go.th/rice/pedigree/01/Pathum_Thani_60.html,
PuangRai2,round shaped rice,PuangRai20-55-2,South,lowland,เป็นข้าวเจ้า สูงประมาณ 175 เซนติเมตร,เมล็ดข้าวกล้อง กว้าง x ยาว x หนา = 2.3 x 7.5 x 1.9 มิลลิเมตร,ปลูกได้ใน ภาคใต้,http://kkn-rsc.ricethailand.go.th/rice/pedigree/01-pic/Puang_Rai_01.jpg,http://kkn-rsc.ricethailand.go.th/rice/pedigree/01/Puang_Rai_2.html,
Phatthalung60,round shaped rice,KGTLR77003-3-NSR-1-1,South,lowland,เป็นข้าวเจ้า สูงประมาณ 156 เซนติเมตร,เมล็ดข้าวกล้อง กว้าง x ยาว x หนา = 2.8 x 7.2 x 2.0 มิลลิเมตร,ปลูกได้ใน ภาคใต้,http://kkn-rsc.ricethailand.go.th/rice/pedigree/01-pic/Phatthalung_60.gif,http://kkn-rsc.ricethailand.go.th/rice/pedigree/01/Phatthalung_60.html,
Phitsanulok3,round shaped rice,SPRLR82129-PSL-148-3-2,North,lowland,เป็นข้าวเจ้า สูงประมาณ 140 เซนติเมตร,เมล็ดข้าวกล้อง กว้าง x ยาว x หนา = 2.1 x 7.4 x 1.7 มิลลิเมตร,ปลูกได้ใน ภาคเหนือ,http://kkn-rsc.ricethailand.go.th/rice/pedigree/01-pic/Phitsanulok_3_02.gif,http://kkn-rsc.ricethailand.go.th/rice/pedigree/01/Phitsanulok_60-1.html,
Phitsanulok60-1,round shaped rice,SPR7419-179-4-1,Central ,lowland,เป็นข้าวเจ้า สูงประมาณ 167 เซนติเมตร,เมล็ดข้าวกล้อง กว้าง x ยาว x หนา = 2.8 x 7.2 x 2.0 มิลลิเมตร,ปลูกได้ใน ภาคกลาง,http://kkn-rsc.ricethailand.go.th/rice/pedigree/01-pic/Phitsanulok_60-1.gif,http://kkn-rsc.ricethailand.go.th/rice/pedigree/01/Phitsanulok_60-1.html,
LookDaengPattani,round shaped rice,LookDaengPattani,South, lowland,เป็นข้าวเจ้า สูงประมาณ 160 เซนติเมตร,เมล็ดข้าวกล้อง กว้าง x ยาว x หนา = 2.2 x 7.3 x 1.7 มิลลิเมตร,ปลูกได้ใน ภาคใต้,http://kkn-rsc.ricethailand.go.th/rice/pedigree/01-pic/Look_Daeng_Pattani-02.gif,http://kkn-rsc.ricethailand.go.th/rice/pedigree/01/Look_Daeng_Pattani.html,
LebNokPattani,round shaped rice,PTNC84210,South,lowland,เป็นข้าวเจ้า สูงประมาณ 170 เซนติเมตร,เมล็ดข้าวกล้อง กว้าง x ยาว x หนา = 2.1 x 6.0 x 1.7 มิลลิเมตร,ปลูกได้ใน ภาคใต้,http://kkn-rsc.ricethailand.go.th/rice/pedigree/01-pic/Leb_Nok_Pattani-02.jpg,http://kkn-rsc.ricethailand.go.th/rice/pedigree/01/Leb_Nok_Pattani.html,
 HahngYi71,sticky rice,HahngYi71,North-East,highland,เป็นข้าวเหนียว สูงประมาณ 168 เซนติเมตร,เมล็ดข้าวกล้อง กว้าง x ยาว x หนา = 2.1 x 7.1 x 1.8 มิลลิเมตร,ปลูกได้ใน ภาคตะวันออกเฉียงเหนือ,http://kkn-rsc.ricethailand.go.th/rice/pedigree/01-pic/Hahng_Yi_71-02.gif,http://kkn-rsc.ricethailand.go.th/rice/pedigree/01/Hahng_Yi_71.html,
MueyNawng62M,sticky rice,MueyNawng62M,North,highland,เป็นข้าวเหนียว สูงประมาณ 150 เซนติเมตร,เมล็ดข้าวกล้อง กว้าง x ยาว x หนา = 2.9 x 6.6 x 2.0 มิลลิเมตร,ปลูกได้ใน ภาคเหนือ,http://kkn-rsc.ricethailand.go.th/rice/pedigree/01-pic/Muey_Nawng_62M-02.gif,http://kkn-rsc.ricethailand.go.th/rice/pedigree/01/Muey_Nawng_62_M.html,
NiawSan-pah-tawng,sticky rice,NiawSan-pah-tawng137-1-16,North/North-East,highland,เป็นข้าวเหนียว สูงประมาณ 150 เซนติเมตร,เมล็ดข้าวกล้อง กว้าง x ยาว x หนา = 2.1 x 7.2 x 1.3 มิลลิเมตร,ปลูกได้ใน ภาคเหนือ และภาคตะวันออกเฉียงเหนือ,http://kkn-rsc.ricethailand.go.th/rice/pedigree/01-pic/Niaw_San-pah-tawng-02.gif,http://kkn-rsc.ricethailand.go.th/rice/pedigree/01/Niaw_San-pah-tawng.html,
NiawUbon1,sticky rice,UBN6721-11-1-6(3),North-East,highland,เป็นข้าวเหนียว สูงประมาณ 145 เซนติเมตร,เมล็ดข้าวกล้อง กว้าง x ยาว x หนา = 2.01 x 7.52 x1.78 มิลลิเมตร,ปลูกได้ใน ภาคตะวันออกเฉียงเหนือ,http://kkn-rsc.ricethailand.go.th/rice/pedigree/01-pic/Niaw_Ubon_1-02.gif,http://kkn-rsc.ricethailand.go.th/rice/pedigree/01/Niaw_Ubon_1.html,
NiawUbon2,sticky rice,IR43070-UBN-501-2-1-1-1,North-East,highland,เป็นข้าวเหนียว สูงประมาณ 115 เซนติเมตร,เมล็ดข้าวกล้อง กว้าง x ยาว x หนา = 2.2 x 7.2 x 1.8 มิลลิเมตร,ปลูกได้ใน ภาคตะวันออกเฉียงเหนือ,http://kkn-rsc.ricethailand.go.th/rice/pedigree/01-pic/Niaw_Ubon_2-02.gif,http://kkn-rsc.ricethailand.go.th/rice/pedigree/01/Niaw_Ubon_2.html,
LeuangPratew123,round shaped rice,LeuangPratew126-8-123,Central,lowland,เป็นข้าวเจ้า สูงประมาณ 150 เซนติเมตร,เมล็ดข้าวกล้อง กว้าง x ยาว x หนา = 2.3 x 7.6 x 1.8 มิลลิเมตร,ปลูกได้ใน ภาคกลาง,http://kkn-rsc.ricethailand.go.th/rice/pedigree/01-pic/Leuang_Pratew_123-02.gif,http://kkn-rsc.ricethailand.go.th/rice/pedigree/01/Leuang_Pratew_123.htm,
LeuangYai148, round shaped rice,LeuangYai228-2-148,North,highland,เป็นข้าวเจ้า สูงประมาณ 160 เซนติเมตร,เมล็ดข้าวกล้อง กว้าง x ยาว x หนา = 2.6 x 7.8 x 1.8 มิลลิเมตร,ปลูกได้ใน ภาคเหนือ,http://kkn-rsc.ricethailand.go.th/rice/pedigree/01-pic/Leuang_Yai_148-02.gif,http://kkn-rsc.ricethailand.go.th/rice/pedigree/01/Leuang_Yai_148.htm,
KhemTawngPhatthalung, round shaped rice,PTLC97001-4-2,South,lowland,เป็นข้าวเจ้า สูงประมาณ 173 เซนติเมตร,เมล็ดข้าวกล้อง กว้าง x ยาว x หนา = 2.19 x 9.94 x 1.57 เซนติเมตร,ปลูกได้ใน ภาคใต้,http://kkn-rsc.ricethailand.go.th/rice/pedigree/01-pic/Kem_Thong_Pattalung.jpg,http://kkn-rsc.ricethailand.go.th/rice/pedigree/01/Kemthong_pattalung.html,
KhaoLuangSan-pah-tawng, round shaped rice,KhaoLuangSan-pah-tawng,North, highland,เป็นข้าวเจ้า สูงประมาณ 140 เซนติเมตร,เมล็ดข้าวกล้อง กว้าง x ยาว x หนา = 2.93 x 7.11 x 2.07 มิลลิเมตร,ปลูกได้ใน ภาคเหนือ,http://kkn-rsc.ricethailand.go.th/rice/pedigree/01-pic/Lung_SanPaTung_01.jpg,http://kkn-rsc.ricethailand.go.th/rice/pedigree/01/Khao_Luang_SanPaTong.html,
GaenJan, round shaped rice,GaenJan707-2-23,South,lowland,เป็นข้าวเจ้า สูงประมาณ 165 เซนติเมตร,เมล็ดข้าวกล้อง กว้าง x ยาว x หนา = 2.16 x 7.06 x 1.58 มิลลิเมตร,ปลูกได้ใน ภาคใต้,http://kkn-rsc.ricethailand.go.th/rice/pedigree/01-pic/Gaen_Jan_01.jpg,http://kkn-rsc.ricethailand.go.th/rice/pedigree/01/Gaen_Jan.html,
Phitsanulok80, round shaped rice, Phitsanulok80,North,highland,เป็นข้าวเจ้า สูงประมาณ 141 เซนติเมตร,เมล็ดข้าวกล้อง กว้าง x ยาว x หนา = 2.16 x 7.45 x 1.74 มิลลิเมตร,ปลูกได้ใน ภาคเหนือ,http://kkn-rsc.ricethailand.go.th/rice/pedigree/01-pic/Phitsanulok80.jpg,http://kkn-rsc.ricethailand.go.th/rice/pedigree/01/Phitsanulok_80.html,
SangyodPhatthalung, round shaped rice,KGTC82239-2,South,lowland,เป็นข้าวเจ้า สูงประมาณ 140 เซนติเมตร,เมล็ดข้าวกล้อง กว้าง x ยาว x หนา = 1.18 x 6.7 x 1.64 มิลลิเมตร,ปลูกได้ใน ภาคใต้,http://kkn-rsc.ricethailand.go.th/rice/pedigree/01-pic/Sangyod_Phatthalung-02.jpg,http://kkn-rsc.ricethailand.go.th/rice/pedigree/01/Sangyod_pattalung.html,
JekChuey1, round shaped rice,PTTC02019-1,Central,lowland,เป็นข้าวเจ้า สูงประมาณ 165 เซนติเมตร,เมล็ดข้าวกล้อง กว้าง x ยาว x หนา = 2.1 x 7.7 x 1.7 มิลลิเมตร,ปลูกได้ใน ภาคกลาง,http://kkn-rsc.ricethailand.go.th/rice/pedigree/01-pic/Jek_Chuey1-05.jpg,http://kkn-rsc.ricethailand.go.th/rice/pedigree/01/Jek_Chuey1.html,
KhaoGorDeaw, round shaped rice,KhaoGorDeaw,Central,lowland,เป็นข้าวเจ้า สูงประมาณ 190 เซนติเมตร,เมล็ดข้าวกล้อง กว้าง x ยาว x หนา = 2.1 x 7.5 x 1.7 มิลลิเมตร,ปลูกได้ใน ภาคกลาง,http://kkn-rsc.ricethailand.go.th/rice/pedigree/01-pic/Khow_Khor_Diaw_35.jpg,http://kkn-rsc.ricethailand.go.th/rice/pedigree/01/Khao_Gor_Diaw_35.html,
ChorLung97,round shaped rice,PTNC99024-97,South,lowland,เป็นข้าวเจ้า สูงประมาณ 197 เซนติเมตร,เมล็ดข้าวกล้อง กว้าง x ยาว x หนา = 2.05 x 7.12 x 1.67 มิลลิเมตร,ปลูกได้ใน ภาคใต้,http://kkn-rsc.ricethailand.go.th/rice/pedigree/01-pic/Chor_lung97.jpg,http://kkn-rsc.ricethailand.go.th/rice/pedigree/01/Chor_Lung_97.html,
KaiModRin,round shaped rice,NSRC95001-1-3,South,lowland,เป็นข้าวเจ้า สูงประมาณ 176 เซนติเมตร,เมล็ดข้าวกล้อง กว้าง x ยาว x หนา = 2.07 x 6.93 x 1.72 มิลลิเมตร,ปลูกได้ใน ภาคใต้,http://kkn-rsc.ricethailand.go.th/rice/pedigree/01-pic/Khai_Mod_Rin.jpg,http://kkn-rsc.ricethailand.go.th/rice/pedigree/01/Khai_Mod_Rin.html,
RD1, round shaped rice,BKN6617-56-1-2,North/North-East/Central/South,lowland,เป็นข้าวเจ้า สูงประมาณ 115 เซนติเมตร,เมล็ดข้าวกล้อง กว้าง x ยาว x หนา = 2.2 x 7.1 x 1.8 มิลลิเมตร,ปลูกได้ใน ทุกภาค,http://kkn-rsc.ricethailand.go.th/rice/pedigree/02-pic/RD1.gif,http://kkn-rsc.ricethailand.go.th/rice/pedigree/02/RD1.html,
RD2,sticky rice,IR253-4-1-2-1,North/North-East/Central/South,lowland,เป็นข้าวเหนียว สูงประมาณ 115 เซนติเมตร,เมล็ดข้าวกล้อง กว้าง x ยาว x หนา = 2.6 x 7.2 x 1.9 มิลลิเมตร,ปลูกได้ใน ทุกภาค,http://kkn-rsc.ricethailand.go.th/rice/pedigree/02-pic/RD2.gif,http://kkn-rsc.ricethailand.go.th/rice/pedigree/02/RD2.html,
RD3,round shaped rice,BKN6617-12-2-2,Central,lowland,เป็นข้าวเจ้า สูงประมาณ 100 เซนติเมตร,เมล็ดข้าวกล้อง กว้าง x ยาว x หนา = 2.2 x 7.2 x 1.8 มิลลิเมตร,ปลูกได้ใน ทุกภาค,http://kkn-rsc.ricethailand.go.th/rice/pedigree/02-pic/RD3.gif,http://kkn-rsc.ricethailand.go.th/rice/pedigree/02-pic/RD3.gif,
RD4,sticky rice,BKN6805-22-13,North/North-East,highland,เป็นข้าวเหนียว สูงประมาณ 115 เซนติเมตร,เมล็ดข้าวกล้อง กว้าง x ยาว x หนา = 2.4 x 7.3 x 1.8 มิลลิเมตร,ปลูกได้ใน ภาคเหนือ และภาคตะวันออกเฉียงเหนือ,http://kkn-rsc.ricethailand.go.th/rice/pedigree/02-pic/RD4.gif,http://kkn-rsc.ricethailand.go.th/rice/pedigree/02/RD4.html,
RD7,round shaped rice,SPR6726-134-2-26,North/North-East/Central/South,lowland,เป็นข้าวเจ้า สูงประมาณ 115 เซนติเมตร,เมล็ดข้าวกล้อง กว้าง x ยาว x หนา =2.3 x 7.2 x 1.8 มิลลิเมตร,ปลูกได้ใน ทุกภาค,http://kkn-rsc.ricethailand.go.th/rice/pedigree/02-pic/RD7.gif,http://kkn-rsc.ricethailand.go.th/rice/pedigree/02/RD7.html,
RD9,round shaped rice,BKN6809-74-40,North/North-East/Central/South,lowland,เป็นข้าวเจ้า สูงประมาณ 105 เซนติเมตร,เมล็ดข้าวกล้อง กว้างxยาวxหนา = 2.3 x 7.2 x 1.8 มิลลิเมตร,ปลูกได้ใน ทุกภาค,http://kkn-rsc.ricethailand.go.th/rice/pedigree/02-pic/RD9.gif,http://kkn-rsc.ricethailand.go.th/rice/pedigree/02/RD9.html,
RD10,sticky rice,RD169-NF1U-G6-6,North/North-East,highland,เป็นข้าวเหนียว สูงประมาณ 115 เซนติเมตร,เมล็ดข้าวกล้อง กว้าง x ยาว x หนา = 2.3 x 7.6 x 1.8 มิลลิเมตร,ปลูกได้ใน ภาคเหนือ และภาคตะวันออกเฉียงเหนือ,http://kkn-rsc.ricethailand.go.th/rice/pedigree/02-pic/RD10.gif,http://kkn-rsc.ricethailand.go.th/rice/pedigree/02/RD10.html,
RD11,round shaped rice,WP153,North/North-East/Central/South, lowland,เป็นข้าวเจ้า สูงประมาณ 115 เซนติเมตร,เมล็ดข้าวกล้อง กว้าง x ยาว x หนา = 2.37 x 7.6 x 1.8 มิลลิเมตร,ปลูกได้ใน ทุกภาค,http://kkn-rsc.ricethailand.go.th/rice/pedigree/02-pic/RD11.gif,http://kkn-rsc.ricethailand.go.th/rice/pedigree/02/RD11.html,
RD14,sticky rice,RD14,North/North-East/Central/South,highland,เป็นข้าวเหนียว สูงประมาณ 112.5 เซนติเมตร, เมล็ดข้าวกล้อง กว้าง x ยาว x หนา = 2.5 x 7.5 x 2.0 มิลลิเมตร ,ปลูกได้ใน ทุกภาค,http://kkn-rsc.ricethailand.go.th/rice/pedigree/02-pic/rd14.jpg,http://kkn-rsc.ricethailand.go.th/rice/pedigree/02/RD14.html,
RD21,round shaped rice,SPR7419-86-2-5,North/North-East/Central/South, lowland,เป็นข้าวเจ้า สูงประมาณ 115 เซนติเมตร,เมล็ดข้าวกล้อง กว้าง x ยาว x หนา = 2.3 x 7.3 x 1.8 มิลลิเมตร,ปลูกได้ใน ทุกภาค,http://kkn-rsc.ricethailand.go.th/rice/pedigree/02-pic/rd14.jpg,http://kkn-rsc.ricethailand.go.th/rice/pedigree/02/RD14.html,
RD23,round shaped rice,SPRLR76002-168-1-4,North/North-East/Central/South, lowland,เป็นข้าวเจ้า สูงประมาณ 117.5 เซนติเมตร,เมล็ดข้าวกล้อง กว้าง x ยาว x หนา = 2.8 x 7.2 x 2.0 มิลลิเมตร,ปลูกได้ใน ทุกภาค,http://kkn-rsc.ricethailand.go.th/rice/pedigree/02-pic/rd23.gif,http://kkn-rsc.ricethailand.go.th/rice/pedigree/02/RD23.html,
RD25,round shaped rice,BKNLR75091-CNT-B-RST-40-2-2,North/North-East/Central/South,lowland,เป็นข้าวเจ้า สูงประมาณ 100 เซนติเมตร,เมล็ดข้างกล้อง กว้าง x ยาว x หนา = 2.2 x 7.3 x 1.7 มิลลิเมตร,ปลูกได้ใน ทุกภาค,http://kkn-rsc.ricethailand.go.th/rice/pedigree/02-pic/RD25.gif,http://kkn-rsc.ricethailand.go.th/rice/pedigree/02/RD25.html,
RD29,round shaped rice,CNT89098-281-2-1-2-1,North/Central,lowland,เป็นข้าวเจ้า สูงประมาณ 104 เซนติเมตร,เมล็ดข้าวกล้อง กว้าง x ยาว x หนา = 2.23 x 7.34 x 1.80 มิลลิเมตร,ปลูกได้ใน ภาคเหนือ และภาคกลาง,http://kkn-rsc.ricethailand.go.th/rice/pedigree/02-pic/rd29-02.jpg,http://kkn-rsc.ricethailand.go.th/rice/pedigree/02/RD29.html,
RD31,round shaped rice,SPR93049-PTT-30-4-1-2, Central,lowland,เป็นข้าวเจ้า สูงประมาณ 117 เซนติเมตร,เมล็ดข้าวกล้อง กว้าง x ยาว x หนา = 2.13 x 7.39 x 1.84 มิลลิเมตร,ปลูกได้ใน ภาคกลาง,http://kkn-rsc.ricethailand.go.th/rice/pedigree/02-pic/rd31-02.jpg,http://kkn-rsc.ricethailand.go.th/rice/pedigree/02/RD31.html,
RD33,round shaped rice,IR77924-UBN-62-71-1-2, Central,lowland,เป็นข้าวเจ้า สูงประมาณ 154 เซนติเมตร,เมล็ดข้าวกล้อง กว้าง x ยาว x หนา = 2.11 x 7.47 x 1.80 มิลลิเมตร,ปลูกได้ใน ภาคกลาง,http://kkn-rsc.ricethailand.go.th/rice/pedigree/02-pic/rd33-02.jpg,http://kkn-rsc.ricethailand.go.th/rice/pedigree/02/RD33.html,
RD37,round shaped rice,PTL88114-10-1-1 -17,South,lowland,เป็นข้าวเจ้า สูงประมาณ 105 เซนติเมตร,เมล็ดข้าวกล้อง กว้าง x ยาว x หนา = 2.3 x 7.9 x 1.8 มิลลิเมตร ,ปลูกได้ใน ภาคใต้,http://kkn-rsc.ricethailand.go.th/rice/pedigree/02-pic/rd37.jpg,http://kkn-rsc.ricethailand.go.th/rice/pedigree/02/RD37.html,
RD39,round shaped rice,PRE91001-SPT-17-1-1-3-2-3,North,highland,เป็นข้าวเจ้า สูงประมาณ 116 เซนติเมตร,เมล็ดข้าวกล้อง กว้าง x ยาว x หนา = 2.3 x 8.0x 1.9 มิลลิเมตร ,ปลูกได้ใน ภาคเหนือ,http://kkn-rsc.ricethailand.go.th/rice/pedigree/02-pic/rd39.jpg,http://kkn-rsc.ricethailand.go.th/rice/pedigree/02/RD39.html,
RD41,round shaped rice,CNT96028-21-1-PSL-1-1,North,lowland,เป็นข้าวเจ้า สูงประมาณ 104 เซนติเมตร,เมล็ดข้าวกล้อง กว้าง x ยาว x หนา = 2.23 x 7.73 x 1.81 มิลลิเมตร,ปลูกได้ใน ภาคเหนือ,http://kkn-rsc.ricethailand.go.th/rice/pedigree/02-pic/rd41_2.jpg,http://kkn-rsc.ricethailand.go.th/rice/pedigree/02/RD41.html,
RD43,round shaped rice,SPR99007-22-1-2-2-1,North/North-East/Central/South,lowland,เป็นข้าวเจ้า สูงประมาณ 103 เซนติเมตร,เมล็ดข้าวกล้อง กว้าง x ยาว x หนา = 2.8 x 7.59 x 2.0 มิลลิเมตร,ปลูกได้ใน ทุกภาค,http://kkn-rsc.ricethailand.go.th/rice/pedigree/02-pic/rd43_2.jpg,http://kkn-rsc.ricethailand.go.th/rice/pedigree/02/RD43.html,
RD47,round shaped rice,RD47,North,lowland,เป็นข้าวเจ้า สูงประมาณ 100 เซนติเมตร,เมล็ดข้าวกล้อง กว้าง x ยาว x หนา = 2.13 x 7.94 x 1.73 มิลลิเมตร,ปลูกได้ใน ภาคเหนือ,http://kkn-rsc.ricethailand.go.th/rice/pedigree/02-pic/rd47.jpg,http://kkn-rsc.ricethailand.go.th/rice/pedigree/02/RD47.html,
KhaoJowHawmSuphanBuri,round shaped rice,SPR89111-17-2-2-2-2, Central,lowland,เป็นข้าวเจ้า สูงประมาณ 110 เซนติเมตร,เมล็ดข้าวกล้อง กว้าง x ยาว x หนา = 2.3 x 7.8 x 1.8 มิลลิเมตร,ปลูกได้ใน ภาคกลาง,http://kkn-rsc.ricethailand.go.th/rice/pedigree/02-pic/Khao_Jow_Hawm_Khlong_Luang_1.gif,http://kkn-rsc.ricethailand.go.th/rice/pedigree/02/Khao_Jow_Hawm_Khlong_Luang_1.html,
KhaoJowHawmKhlongLuang1, round shaped rice,KLG83055-1-1-1-2-1-4, Central,lowland,เป็นข้าวเจ้า สูงประมาณ 126 เซนติเมตร,เมล็ดข้าวกล้อง กว้าง x ยาว x หนา = 2.1 x 7.7 x 1.8 มิลลิเมตร,ปลูกได้ใน ภาคกลาง,http://kkn-rsc.ricethailand.go.th/rice/pedigree/02-pic/Khaw_Jow_Hawm_Suphan_Buri.gif,http://kkn-rsc.ricethailand.go.th/rice/pedigree/02/Khao_Jow_Hawm_Suphan_Buri.html,
ChaiNat1,round shaped rice,CNTBR82075-43-2-1,North/North-East/Central/South,lowland,เป็นข้าวเจ้า สูงประมาณ 113 เซนติเมตร,เมล็ดข้าวกล้อง กว้าง x ยาว x หนา = 2.1 x 7.7 x 1.7 มิลลิเมตร,ปลูกได้ใน ทุกภาค,http://kkn-rsc.ricethailand.go.th/rice/pedigree/02-pic/Chai_Nat_1.gif,http://kkn-rsc.ricethailand.go.th/rice/pedigree/02/Chai_Nat_1.html,
ChaiNat2,round shaped rice,CNT87040-281-1-4,North,highland,เป็นข้าวเจ้า สูงประมาณ 95 เซนติเมตร,เมล็ดข้าวกล้อง กว้าง x ยาว x หนา = 2.12 x 7.72 x 1.76 มิลลิเมตร,ปลูกได้ใน ภาคเหนือ,http://kkn-rsc.ricethailand.go.th/rice/pedigree/02-pic/Chai%20Nat%202_01.jpg,http://kkn-rsc.ricethailand.go.th/rice/pedigree/02/Chai_Nat_2.html,
PathumThani1,round shaped rice,PTT90071-93-8-1-1,Central,lowland,เป็นข้าวเจ้า สูงประมาณ 113 เซนติเมตร,เมล็ดข้าวกล้อง กว้าง x ยาว x หนา = 2.1 x 7.6 x 1.7 มิลลิเมตร,ปลูกได้ใน ภาคกลาง,http://kkn-rsc.ricethailand.go.th/rice/pedigree/02-pic/Pathum_Thani_1.gif,http://kkn-rsc.ricethailand.go.th/rice/pedigree/02/Pathum_Thani_1.html,
BangTaen,round shaped rice,CNT89020-9-2-2-3,North,lowland,เป็นข้าวเจ้า สูงประมาณ 110 เซนติเมตร,เมล็ดข้าวกล้อง กว้าง x ยาว x หนา = 2.28 x 7.57 x 1.86 มิลลิเมตร,ปลูกได้ใน ภาคเหนือ,http://kkn-rsc.ricethailand.go.th/rice/pedigree/02-pic/Bang_Taen_01.jpg,http://kkn-rsc.ricethailand.go.th/rice/pedigree/02/Bang_Taen.html,
Patthalung,round shaped rice,CNT92024-4-2-1-1,South,lowland,เป็นข้าวเจ้า สูงประมาณ 104 เซนติเมตร,เมล็ดข้าวกล้อง กว้าง x ยาว x หนา = 2.30 x 7.55 x 1.83 มิลลิเมตร,ปลูกได้ใน ภาคใต้,http://kkn-rsc.ricethailand.go.th/rice/pedigree/02-pic/Patthalung.gif,http://kkn-rsc.ricethailand.go.th/rice/pedigree/02/Patthalung.html,
Phitsanulok2,round shaped rice,PSL91014-16-1-5-1,North,lowland,เป็นข้าวเจ้า สูงประมาณ 114 เซนติเมตร,เมล็ดข้าวกล้อง กว้าง x ยาว x หนา =2.1 x 7.9 x 1.6 มิลลิเมตร,ปลูกได้ใน ภาคเหนือ,http://kkn-rsc.ricethailand.go.th/rice/pedigree/02-pic/Phitsanulok_2.gif,http://kkn-rsc.ricethailand.go.th/rice/pedigree/02/Phitsanulok_2.html,
Phitsanulok60-2,round shaped rice,SPRLR77034-PSL-17-1-1-1,North/Central,lowland,เป็นข้าวเจ้า สูงประมาณ 130 เซนติเมตร,เมล็ดข้าวกล้อง กว้าง x ยาว x หนา = 2.1 x 7.3 x 1.7  มิลลิเมตร,ปลูกได้ใน ภาคเหนือ และภาคกลาง,http://kkn-rsc.ricethailand.go.th/rice/pedigree/02-pic/Phitsanulok_60-2.gif,http://kkn-rsc.ricethailand.go.th/rice/pedigree/02/Phitsanulok_60-2.html,
Phrae1,sticky rice,KKNLR75052-PRE-40-1-1-1,North/North-East,highland,เป็นข้าวเหนียว สูงประมาณ 120 เซนติเมตร,เมล็ดข้าวกล้อง กว้าง x ยาว x หนา = 2.4 x 7.4 x 1.8 มิลลิเมตร,ปลูกได้ใน ภาคเหนือและภาคตะวันออกเฉียงเหนือ,http://kkn-rsc.ricethailand.go.th/rice/pedigree/02/Sakon_Nakhon.html,http://kkn-rsc.ricethailand.go.th/rice/pedigree/02/Phrae_1.html,
SakonNakhon,sticky rice,SPRLR77034-PSL-17-1-1-1,North/Central,lowland,เป็นข้าวเหนียว สูงประมาณ 120 เซนติเมตร,เมล็ดข้าวกล้อง กว้าง x ยาว x หนา = 2.2 x 7.1 x 1.8 มิลลิเมตร,ปลูกได้ใน ภาคเหนือ และภาคกลาง,http://kkn-rsc.ricethailand.go.th/rice/pedigree/02-pic/Sakon-Nakhon.gif,http://kkn-rsc.ricethailand.go.th/rice/pedigree/02/Sakon_Nakhon.html,
San-pah-tawng1,sticky rice,SPTLR84051-32-2-2-4,North/North-East,highland,เป็นข้าวเหนียว สูงประมาณ 119 เซนติเมตร,เมล็ดข้าวกล้อง กว้าง x ยาว x หนา = 2.2 x 7.1 x 1.8 มิลลิเมตร,ปลูกได้ใน ภาคเหนือและภาคตะวันออกเฉียงเหนือ,http://kkn-rsc.ricethailand.go.th/rice/pedigree/02-pic/San-pah-tawng_1-02.gif,http://kkn-rsc.ricethailand.go.th/rice/pedigree/02/San_pah_tawng_1.html,
SuphanBuri1,round shaped rice,SPRLR85163-5-1-1-2,North/North-East/Central/South,lowland,เป็นข้าวเจ้า สูงประมาณ 125 เซนติเมตร,เมล็ดข้าวกล้อง กว้าง x ยาว x หนา = 2.2 x 7.3 x 2.0 มิลลิเมตร,ปลูกได้ใน ทุกภาค,http://kkn-rsc.ricethailand.go.th/rice/pedigree/02-pic/Suphan_Buri_1.gif,http://kkn-rsc.ricethailand.go.th/rice/pedigree/02/Suphan_Buri_1.html,
SuphanBuri2,round shaped rice,SPRLR83260-143-1-1,North/North-East/Central/South,highland/lowland,เป็นข้าวเจ้า สูงประมาณ 122 เซนติเมตร,เมล็ดข้าวกล้อง กว้าง x ยาว x หนา = 2.8 x 7.2 x 2.0 มิลลิเมตร,ปลูกได้ใน ทุกภาค,http://kkn-rsc.ricethailand.go.th/rice/pedigree/02-pic/Suphan_Buri_2.jpg,http://kkn-rsc.ricethailand.go.th/rice/pedigree/02/Suphan_Buri_2.html,
SuphanBuri3,round shaped rice,SPR90008-58-1-1-3,Central,lowland,เป็นข้าวเจ้า สูงประมาณ 114 เซนติเมตร,เมล็ดข้าวกล้อง กว้าง x ยาว x หนา = 2.1 x 7.47 x 1.83 มิลลิเมตร,ปลูกได้ใน ภาคกลาง,http://kkn-rsc.ricethailand.go.th/rice/pedigree/02-pic/Suphan_Buri_3-01.jpg,http://kkn-rsc.ricethailand.go.th/rice/pedigree/02/Suphan_Buri_3.html,
SuphanBuri60,round shaped rice,PRLR81074-61-1-1,West/East/Central,highland/lowland,เป็นข้าวเจ้า สูงประมาณ 140 เซนติเมตร,เมล็ดข้าวกล้อง กว้าง x ยาว x หนา = 2.2 x 7.5 x 1.8 มิลลิเมตร,ปลูกได้ใน ภาคตะวันตก ภาคตะวันออก และ ภาคกลาง,http://kkn-rsc.ricethailand.go.th/rice/pedigree/02-pic/Suphan_Buri_60.gif,http://kkn-rsc.ricethailand.go.th/rice/pedigree/02/Suphan_Buri_60.html,*
SuphanBuri90,round shaped rice,SPRLR82216-26-1-3,Central,lowland,เป็นข้าวเจ้า สูงประมาณ 120 เซนติเมตร,เมล็ดข้าวกล้อง กว้าง x ยาว x หนา = 2.4 x 7.2 x 2.0 มิลลิเมตร,ปลูกได้ใน ภาคกลาง,http://kkn-rsc.ricethailand.go.th/rice/pedigree/02/Suphan_Buri_90.html,http://kkn-rsc.ricethailand.go.th/rice/pedigree/02-pic/Suphan_Buri_90-02.gif,*
KhaoYipunDOA1,Japanese rice,-,North/North-East,highland,เป็นข้าวเจ้า สูงประมาณ 80 เซนติเมตร,เมล็ดข้าวกล้อง กว้าง x ยาว x หนา = 2.8 x 7.2 x 2.0 มิลลิเมตร,ปลูกได้ใน ภาคเหนือและภาคตะวันออกเฉียงเหนือ,http://kkn-rsc.ricethailand.go.th/rice/pedigree/10-pic/Khao_Yipun_DOA1.gif,http://kkn-rsc.ricethailand.go.th/rice/pedigree/10/Khao_Yipun_DOA1.html,
KhaoYipunDOA2,Japanese rice,-,North,highland,เป็นข้าวเจ้า สูงประมาณ 140 เซนติเมตร,เมล็ดข้าวกล้อง กว้าง x ยาว x หนา = 2.8 x 7.2 x 2.0 มิลลิเมตร,ปลูกได้ใน ภาคเหนือ,http://kkn-rsc.ricethailand.go.th/rice/pedigree/10-pic/Khao_Yipun_DOA2.gif,http://kkn-rsc.ricethailand.go.th/rice/pedigree/10/Khao_Yipun_DOA2.html,
Samerng1,Barley rice,IBON118,North,highland,เป็นข้าวบาร์เลย์ สูงประมาณ 70 เซนติเมตร,เมล็ดข้าวกล้อง กว้าง x ยาว x หนา = 3.5 x 8.2 x 2.6 มิลลิเมตร,ปลูกได้ใน ภาคเหนือ,http://kkn-rsc.ricethailand.go.th/rice/pedigree/12-pic/Samerng_1.gif,http://kkn-rsc.ricethailand.go.th/rice/pedigree/12/Samerng_1.html,
Samerng2,Barley rice,IBON42,North,highland,เป็นข้าวบาร์เลย์ สูงประมาณ 75 เซนติเมตร,เมล็ดข้าวกล้อง กว้าง x ยาว x หนา = 2.8 x 7.2 x 2.0 มิลลิเมตร,ปลูกได้ใน ภาคเหนือ,http://kkn-rsc.ricethailand.go.th/rice/pedigree/12-pic/Samerng_2.gif,http://kkn-rsc.ricethailand.go.th/rice/pedigree/12/Samerng_2.html,
Ta–powGaew161,round shaped rice,Ta–powGaew55-161,Central,lowland,เป็นข้าวเจ้า สูงประมาณ 140 เซนติเมตร,เมล็ดข้าวกล้อง กว้าง x ยาว x หนา = 2.8 x 7.2 x 2.0 มิลลิเมตร,ปลูกได้ใน ภาคกลาง,http://kkn-rsc.ricethailand.go.th/rice/pedigree/03-pic/Ta_Pow_Gaew_161-02.gif,http://kkn-rsc.ricethailand.go.th/rice/pedigree/03/Ta_pow_Gaew_161.html,
NahngCha–lawng,sticky rice,NahngCha–lawng,Central,lowland,เป็นข้าวเหนียว สูงประมาณ 150 เซนติเมตร,เมล็ดข้าวกล้อง กว้าง x ยาว x หนา = 2.9 x 7.3 x 2.0 มิลลิเมตร,ปลูกได้ใน ภาคกลาง,http://kkn-rsc.ricethailand.go.th/rice/pedigree/03-pic/Nahng_Cha_lawg.jpg,http://kkn-rsc.ricethailand.go.th/rice/pedigree/03/Nahng_Cha_lawng.html,
PinGaew56,round shaped rice,PinGaew56,Central,lowland,เป็นข้าวเจ้า สูงประมาณ 450 เซนติเมตร,เมล็ดข้าวกล้อง กว้าง x ยาว x หนา = 2.8 x 7.2 x 2.0 มิลลิเมตร,ปลูกได้ใน ภาคกลาง,http://kkn-rsc.ricethailand.go.th/rice/pedigree/03-pic/Pin_Gaew_56.gif,http://kkn-rsc.ricethailand.go.th/rice/pedigree/03/Pin_Gaew_56.html,
PlaiNgahmPrachinBuri,round shaped rice,PlaiNgahmPrachinBuri,Central,lowland,เป็นข้าวเจ้า สูงประมาณ 240 เซนติเมตร,เมล็ดข้าวกล้อง กว้าง x ยาว x หนา = 2.4 x 7.4 x 2.0 มิลลิเมตร,ปลูกได้ใน ภาคกลาง,http://kkn-rsc.ricethailand.go.th/rice/pedigree/03-pic/Plai_Ngahm_Prachin_Buri.gif,http://kkn-rsc.ricethailand.go.th/rice/pedigree/03/Plai_Ngahm_Prachin_Buri.html,
LebMeuNahng111,round shaped rice,LebMeuNahng14-12-111,Central,lowland,เป็นข้าวเจ้า สูงประมาณ 340 เซนติเมตร,เมล็ดข้าวกล้อง กว้าง x ยาว x หนา = 2.3 x 7.2 x 1.7 มิลลิเมตร,ปลูกได้ใน ภาคกลาง,http://kkn-rsc.ricethailand.go.th/rice/pedigree/03-pic/Leb_meu_nahng_111.gif,http://kkn-rsc.ricethailand.go.th/rice/pedigree/03/Leb_Meu_Nahng_111.html,
RD19,round shaped rice,BKN6986-147-2,Central,lowland,เป็นข้าวเจ้า สูงประมาณ 130 เซนติเมตร,เมล็ดข้าวกล้อง กว้าง x ยาว x หนา = 2.5 x 7.2 x 1.9 มิลลิเมตร,ปลูกได้ใน ภาคกลาง,http://kkn-rsc.ricethailand.go.th/rice/pedigree/04-pic/141_2.gif,http://kkn-rsc.ricethailand.go.th/rice/pedigree/04/RD19.html,
RD45,round shaped rice,RD45,Central/East,lowland,เป็นข้าวเจ้า สูงประมาณ 170 เซนติเมตร,เมล็ดข้าวกล้อง กว้าง x ยาว x หนา = 2.8 x 10.2 x 2.0 มิลลิเมตร,ปลูกได้ใน ภาคกลาง และภาคตะวันออก,http://kkn-rsc.ricethailand.go.th/rice/pedigree/04-pic/rd45.jpg,http://kkn-rsc.ricethailand.go.th/rice/pedigree/04/RD45.html,
Hantra60,round shaped rice,SPR7270-18,Central,lowland,เป็นข้าวเจ้า สูงประมาณ 155 เซนติเมตร,เมล็ดข้าวกล้อง กว้าง x ยาว x หนา = 2.4 x 7.2 x 2.0 มิลลิเมตร,ปลูกได้ใน ภาคกลาง,http://kkn-rsc.ricethailand.go.th/rice/pedigree/04-pic/157_2.gif,http://kkn-rsc.ricethailand.go.th/rice/pedigree/04/Hantra_60.html,
PrachinBuri1,round shaped rice,SPR76Com3-5-2,East/North,lowland,เป็นข้าวเจ้า สูงประมาณ 170 เซนติเมตร,เมล็ดข้าวกล้อง กว้าง x ยาว x หนา = 2.4 x 7.4 x 1.8 มิลลิเมตร,ปลูกได้ใน ภาคเหนือและภาคตะวันออก,http://kkn-rsc.ricethailand.go.th/rice/pedigree/04-pic/147_2.gif,http://kkn-rsc.ricethailand.go.th/rice/pedigree/04/Prachin_Buri_1.html,
PrachinBuri2,round shaped rice,HTAFR81042-4B-7-1,East,lowland,เป็นข้าวเจ้า สูงประมาณ 133-222 เซนติเมตร,เมล็ดข้าวกล้อง กว้าง x ยาว x หนา = 2.3 x 7.2 x 1.9 มิลลิเมตร,ปลูกได้ใน ภาคตะวันออก,http://kkn-rsc.ricethailand.go.th/rice/pedigree/04-pic/149_2.gif,http://kkn-rsc.ricethailand.go.th/rice/pedigree/04/Prachin_Buri_2.html,
Ayutthaya1,round shaped rice,HTAFR85035-B-R-R-7-9,East/North,lowland,เป็นข้าวเจ้า สูงประมาณ 140 เซนติเมตร,เมล็ดข้าวกล้อง กว้าง x ยาว x หนา = 2.3 x 7.2 x 1.9 มิลลิเมตร,ปลูกได้ใน ภาคเหนือและภาคตะวันออก,http://kkn-rsc.ricethailand.go.th/rice/pedigree/04-pic/Ayutthaya_1_01.jpg,http://kkn-rsc.ricethailand.go.th/rice/pedigree/04/Ayutthaya_1.html,
RD17,round shaped rice,BKN6986-66-2,North-East,lowland,เป็นข้าวเจ้า สูงประมาณ 130 เซนติเมตร,เมล็ดข้าวกล้อง กว้าง x ยาว x หนา = 2.2 x 7.2 x 2.0 มิลลิเมตร,ปลูกได้ใน ภาคตะวันออกเฉียงเหนือ,http://kkn-rsc.ricethailand.go.th/rice/pedigree/05-pic/RD17.gif,http://kkn-rsc.ricethailand.go.th/rice/pedigree/05/RD17.html,
GooMeuangLuang,round shaped rice,GooMeuangLuang,South,lowland,เป็นข้าวเจ้า สูงประมาณ 154 เซนติเมตร,เมล็ดข้าวกล้อง กว้าง x ยาว x หนา = 2.5 x 8.4 x 1.9 มิลลิเมตร,ปลูกได้ใน ภาคใต้,http://kkn-rsc.ricethailand.go.th/rice/pedigree/06-pic/Goo_Meuang_Luang.gif,http://kkn-rsc.ricethailand.go.th/rice/pedigree/06/Goo_Meuang_Luang.html,
KhaoPongKrai,sticky rice,KhaoPongKrai,North,highland,เป็นข้าวเหนียว สูงประมาณ 142 เซนติเมตร,เมล็ดข้าวกล้อง กว้าง x ยาว x หนา = 3.0 x 8.4 x 2.0 มิลลิเมตร,ปลูกได้ใน ภาคเหนือ,http://kkn-rsc.ricethailand.go.th/rice/pedigree/06-pic/Khao_Pong_Krai.gif,http://kkn-rsc.ricethailand.go.th/rice/pedigree/06/Khao_Pong_Krai.html,
JowHaw,round shaped rice,JowHaw,North/Central,highland,เป็นข้าวเจ้า สูงประมาณ 134 เซนติเมตร,เมล็ดข้าวกล้อง กว้าง x ยาว x หนา = 2.8 x 7.2 x 2.0 มิลลิเมตร,ปลูกได้ใน ภาคเหนือ และภาคกลาง,http://kkn-rsc.ricethailand.go.th/rice/pedigree/06-pic/Jow_Haw.gif,http://kkn-rsc.ricethailand.go.th/rice/pedigree/06/Jow_Haw.html,
SewMaeJan,sticky rice,SewMaeJan,North/North-East,highland,เป็นข้าวเหนียว สูงประมาณ 110-150 เซนติเมตร,เมล็ดข้าวกล้อง กว้าง x ยาว x หนา = 2.8 x 7.4 x 2.0 มิลลิเมตร,ปลูกได้ใน ภาคเหนือและภาคตะวันออกเฉียงเหนือ,http://kkn-rsc.ricethailand.go.th/rice/pedigree/06-pic/Sew_Mae_Jan.gif,http://kkn-rsc.ricethailand.go.th/rice/pedigree/06/Sew_Mae_Jan.html,
DawkPa-yawm,round shaped rice,DawkPa-yawm,South,lowland,เป็นข้าวเจ้า สูงประมาณ 152 เซนติเมตร,เมล็ดข้าวกล้อง กว้าง x ยาว x หนา = 2.8 x 7.2 x 2.0 มิลลิเมตร,ปลูกได้ใน ภาคใต้,http://kkn-rsc.ricethailand.go.th/rice/pedigree/06-pic/Dawk_Pa_Yawm.gif,http://kkn-rsc.ricethailand.go.th/rice/pedigree/06/Dawk_Pa_yawm.html,
NamRoo,round shaped rice,NamRoo,North/North-East,highland,เป็นข้าวเจ้า สูงประมาณ 140 เซนติเมตร,เมล็ดข้าวกล้อง กว้าง x ยาว x หนา = 2.7 x 7.1 x 1.9 มิลลิเมตร,ปลูกได้ใน ภาคเหนือและภาคตะวันออกเฉียงเหนือ,http://kkn-rsc.ricethailand.go.th/rice/pedigree/06-pic/Nam_roo-02.gif,http://kkn-rsc.ricethailand.go.th/rice/pedigree/06/Nam_Roo.html,
JowLisawSan-pah-tawng,round shaped rice,SPTC80279-3,North/North-East,highland,เป็นข้าวเจ้า สูงประมาณ 145 เซนติเมตร,เมล็ดข้าวกล้อง กว้าง x ยาว x หนา = 2.87 x 7.26 x 1.94 มิลลิเมตร,ปลูกได้ใน ภาคเหนือและภาคตะวันออกเฉียงเหนือ,http://kkn-rsc.ricethailand.go.th/rice/pedigree/06-pic/Jow_Lisaw_San_pah_tawng-01.jpg,http://kkn-rsc.ricethailand.go.th/rice/pedigree/06/Jow_Lisaw_San_pah_tawng.html,
JowKhowChiangmai,round shaped rice,JowKhowChiangmai,North/North-East,highland,เป็นข้าวเจ้า สูงประมาณ 145 เซนติเมตร,เมล็ดข้าวกล้อง กว้าง x ยาว x หนา = 2.8 x 7.29 x 2.0 มิลลิเมตร,ปลูกได้ใน ภาคเหนือและภาคตะวันออกเฉียงเหนือ,http://kkn-rsc.ricethailand.go.th/rice/pedigree/01-pic/Jow_khow_chiangmai.jpg,http://kkn-rsc.ricethailand.go.th/rice/pedigree/01/Jow_khao_Chiangmai.html,
R258,sticky rice,R258,North/North-East,highland,เป็นข้าวเหนียว สูงประมาณ 127 เซนติเมตร,เมล็ดข้าวกล้อง กว้าง x ยาว x หนา = 3.3 x 7.1 x 2.1 มิลลิเมตร,ปลูกได้ใน ภาคเหนือและภาคตะวันออกเฉียงเหนือ,http://kkn-rsc.ricethailand.go.th/rice/pedigree/07-pic/R258-02.gif,http://kkn-rsc.ricethailand.go.th/rice/pedigree/07/R258.html,
RedHawmRice,round shaped rice,KDML105R-PSL-E-14,North/North-East/Central/South,highland/lowland,เป็นข้าวเจ้า สูงประมาณ 120-130 เซนติเมตร,เมล็ดข้าวกล้อง กว้าง x ยาว x หนา = 2.1 x 7.5 x 1.7 มิลลิเมตร,ปลูกได้ใน ทุกภาค,http://kkn-rsc.ricethailand.go.th/rice/pedigree/08-pic/Khao_Hawm_Daeng.gif,http://kkn-rsc.ricethailand.go.th/rice/pedigree/08/Khao_Hawm_Daeng.html,
RedRoseRice,round shaped rice,PRE90020-R36-PSL-8-3-14-3,North/North-East/Central/South,highland/lowland,เป็นข้าวเจ้า สูงประมาณ 90-100 เซนติเมตร,เมล็ดข้าวกล้อง กว้าง x ยาว x หนา = 2.0 x 7.3 x 1.6 มิลลิเมตร,ปลูกได้ใน ทุกภาค,http://kkn-rsc.ricethailand.go.th/rice/pedigree/09-pic/Khao_Hawm_Gulahb_Daeng.gif,http://kkn-rsc.ricethailand.go.th/rice/pedigree/09/Khao_Hawm_Gulahb_Daeng.html,
Samerng1,wheat,INIA66,North,highland,เป็นข้าวสาลี สูงประมาณ 80-90 เซนติเมตร,เมล็ดสีน้ำตาลแดงขนาดใหญ่ รูปร่างวงรี มีเปอร์เซ็นต์เมล็ดลีบ เมล็ดหักน้อยมาก น้ำหนัก 1000 เมล็ด 42.3 กรัม,ปลูกได้ใน ภาคเหนือ,http://kkn-rsc.ricethailand.go.th/rice/pedigree/11-pic/Samerng_1.gif,http://kkn-rsc.ricethailand.go.th/rice/pedigree/11/Samerng_1.html,
Samerng2,wheat,SONORA64,North,highland,เป็นข้าวสาลี สูงประมาณ 70 เซนติเมตร,เมล็ดมีขนาดยาว 6.44 มิลลิเมตร น้ำหนัก 1000 เมล็ด 41.4 กรัม,ปลูกได้ใน ภาคเหนือ,http://kkn-rsc.ricethailand.go.th/rice/pedigree/11-pic/Samerng_2.gif,http://kkn-rsc.ricethailand.go.th/rice/pedigree/11/Samerng_2.html,
Phrae60,wheat,UP262,North/North-East,highland,เป็นข้าวสาลี สูงประมาณ 85 เซนติเมตร,เมล็ดมีรูปร่างรูปไข่ สีเหลืองนวล น้ำหนัก 1000 เมล็ด 42 กรัม,ปลูกได้ใน ภาคเหนือและภาคตะวันออกเฉียงเหนือ,http://kkn-rsc.ricethailand.go.th/rice/pedigree/11-pic/Phrae_60.gif,http://kkn-rsc.ricethailand.go.th/rice/pedigree/11/Phrae_60.html,
Fahng60,wheat,Fahng60,North/North-East,highland,เป็นข้าวสาลี สูงประมาณ 85 – 95 เซนติเมตร,เมล็ดสีน้ำตาลแดงขนาดใหญ่ รูปร่างวงรี มีเปอร์เซ็นต์เมล็ดลีบ เมล็ดหักน้อยมาก น้ำหนัก 1000 เมล็ด 42.3 กรัม,ปลูกได้ใน ภาคเหนือและภาคตะวันออกเฉียงเหนือ,http://kkn-rsc.ricethailand.go.th/rice/pedigree/11-pic/Fahng_60-02.gif,http://kkn-rsc.ricethailand.go.th/rice/pedigree/11/Fahng_60.html,